Date,ReportType,LateCount,TotalCount

2025-06-20,METALS,1300,2830
2025-06-20,GCSEMI,29,295
2025-06-20,GCVOA,70,104
2025-06-20,GENCHEM,406,1035
2025-06-20,HG,27,49
2025-06-20,MSSEMI,52,331
2025-06-20,MSVOA,190,554
2025-06-20,ORGPREP,0,233
2025-06-20,METALS,1300,2830
2025-06-20,GCSEMI,29,295
2025-06-20,GCVOA,70,104
2025-06-20,GENCHEM,406,1035
2025-06-20,HG,27,49
2025-06-20,MSSEMI,52,331
2025-06-20,MSVOA,190,554
2025-06-20,ORGPREP,0,233
2025-06-20,METALS,1300,2830
2025-06-20,GCSEMI,29,295
2025-06-20,GCVOA,70,104
2025-06-20,GENCHEM,406,1035
2025-06-20,HG,27,49
2025-06-20,MSSEMI,52,331
2025-06-20,MSVOA,190,554
2025-06-20,ORGPREP,0,233
2025-06-20,METALS,1300,2830
2025-06-20,GCSEMI,29,295
2025-06-20,GCVOA,70,104
2025-06-20,GENCHEM,406,1035
2025-06-20,HG,27,49
2025-06-20,MSSEMI,52,331
2025-06-20,MSVOA,190,554
2025-06-20,ORGPREP,0,233
2025-06-20,METALS,1300,2830
2025-06-20,GCSEMI,29,295
2025-06-20,GCVOA,70,104
2025-06-20,GENCHEM,406,1035
2025-06-20,HG,27,49
2025-06-20,MSSEMI,52,331
2025-06-20,MSVOA,190,554
2025-06-20,ORGPREP,0,233
2025-06-20,METALS,1300,2830
2025-06-20,GCSEMI,29,295
2025-06-20,GCVOA,70,104
2025-06-20,GENCHEM,406,1035
2025-06-20,HG,27,49
2025-06-20,MSSEMI,52,331
2025-06-20,MSVOA,190,554
2025-06-20,ORGPREP,0,233
2025-06-20,METALS,1300,2830
2025-06-20,GCSEMI,29,295
2025-06-20,GCVOA,70,104
2025-06-20,GENCHEM,406,1035
2025-06-20,HG,27,49
2025-06-20,MSSEMI,52,331
2025-06-20,MSVOA,190,554
2025-06-20,ORGPREP,0,233
2025-06-20,METALS,1300,2830
2025-06-20,GCSEMI,29,295
2025-06-20,GCVOA,70,104
2025-06-20,GENCHEM,406,1035
2025-06-20,HG,27,49
2025-06-20,MSSEMI,52,331
2025-06-20,MSVOA,190,554
2025-06-20,ORGPREP,0,233
2025-06-20,METALS,1300,2830
2025-06-20,GCSEMI,29,295
2025-06-20,GCVOA,70,104
2025-06-20,GENCHEM,406,1035
2025-06-20,HG,27,49
2025-06-20,MSSEMI,52,331
2025-06-20,MSVOA,190,554
2025-06-20,ORGPREP,0,233
2025-06-20,METALS,1300,2830
2025-06-20,METALS,1300,2830
2025-06-20,GCSEMI,29,295
2025-06-20,GCVOA,70,104
2025-06-20,GENCHEM,406,1035
2025-06-20,HG,27,49
2025-06-20,MSSEMI,52,331
2025-06-20,MSVOA,190,554
2025-06-20,ORGPREP,0,233
2025-06-20,METALS,1300,2830
2025-06-20,GCSEMI,29,295
2025-06-20,GCVOA,70,104
2025-06-20,GENCHEM,406,1035
2025-06-20,HG,27,49
2025-06-20,MSSEMI,52,331
2025-06-20,MSVOA,190,554
2025-06-20,ORGPREP,0,233
2025-06-20,METALS,1300,2830
2025-06-20,GCSEMI,29,295
2025-06-20,GCVOA,70,104
2025-06-20,GENCHEM,406,1035
2025-06-20,HG,27,49
2025-06-20,MSSEMI,52,331
2025-06-20,MSVOA,190,554
2025-06-20,ORGPREP,0,233
2025-06-20,METALS,1300,2830
2025-06-20,GCSEMI,29,295
2025-06-20,GCVOA,70,104
2025-06-20,GENCHEM,406,1035
2025-06-20,HG,27,49
2025-06-20,MSSEMI,52,331
2025-06-20,MSVOA,190,554
2025-06-20,ORGPREP,0,233
2025-06-23,METALS,1254,2825
2025-06-23,GCSEMI,27,238
2025-06-23,GCVOA,71,110
2025-06-23,GENCHEM,332,980
2025-06-23,HG,32,50
2025-06-23,MSSEMI,37,253
2025-06-23,MSVOA,146,531
2025-06-23,ORGPREP,0,142
2025-06-24,METALS,1458,2369
2025-06-24,GCSEMI,28,223
2025-06-24,GCVOA,71,117
2025-06-24,GENCHEM,428,851
2025-06-24,HG,40,50
2025-06-24,MSSEMI,49,229
2025-06-24,MSVOA,166,438
2025-06-24,ORGPREP,0,142
2025-06-25,METALS,1787,2369
2025-06-25,GCSEMI,49,223
2025-06-25,GCVOA,81,117
2025-06-25,GENCHEM,556,851
2025-06-25,HG,40,50
2025-06-25,MSSEMI,79,229
2025-06-25,MSVOA,233,438
2025-06-25,ORGPREP,0,142
2025-06-25,METALS,1787,2369
2025-06-25,GCSEMI,49,223
2025-06-25,GCVOA,81,117
2025-06-25,GENCHEM,556,851
2025-06-25,HG,40,50
2025-06-25,MSSEMI,79,229
2025-06-25,MSVOA,233,438
2025-06-25,ORGPREP,0,142
2025-06-25,METALS,1787,2369
2025-06-25,GCSEMI,49,223
2025-06-25,GCVOA,81,117
2025-06-25,GENCHEM,556,851
2025-06-25,HG,40,50
2025-06-25,MSSEMI,79,229
2025-06-25,MSVOA,233,438
2025-06-25,ORGPREP,0,142
2025-06-25,METALS,1458,2298
2025-06-25,GCSEMI,38,214
2025-06-25,GCVOA,70,104
2025-06-25,GENCHEM,412,844
2025-06-25,HG,38,48
2025-06-25,MSSEMI,51,241
2025-06-25,MSVOA,155,408
2025-06-25,ORGPREP,0,113
2025-06-25,METALS,1458,2298
2025-06-25,GCSEMI,38,214
2025-06-25,GCVOA,70,104
2025-06-25,GENCHEM,412,844
2025-06-25,HG,38,48
2025-06-25,MSSEMI,51,241
2025-06-25,MSVOA,155,408
2025-06-25,ORGPREP,0,113
2025-06-25,METALS,1458,2298
2025-06-25,GCSEMI,38,214
2025-06-25,GCVOA,70,104
2025-06-25,GENCHEM,412,844
2025-06-25,HG,38,48
2025-06-25,MSSEMI,51,241
2025-06-25,MSVOA,155,408
2025-06-25,ORGPREP,35,113
2025-06-25,METALS,1458,2298
2025-06-25,GCSEMI,38,214
2025-06-25,GCVOA,70,104
2025-06-25,GENCHEM,412,844
2025-06-25,HG,38,48
2025-06-25,METALS,1458,2298
2025-06-25,GCSEMI,38,214
2025-06-25,GCVOA,70,104
2025-06-25,GENCHEM,412,844
2025-06-25,HG,38,48
2025-06-25,MSSEMI,51,241
2025-06-25,MSVOA,155,408
2025-06-25,ORGPREP,35,113
2025-06-25,METALS,1458,2298
2025-06-25,GCSEMI,38,214
2025-06-25,GCVOA,70,104
2025-06-25,GENCHEM,412,844
2025-06-25,HG,38,48
2025-06-25,MSSEMI,51,241
2025-06-25,MSVOA,155,408
2025-06-25,ORGPREP,35,113
2025-06-25,METALS,1458,2298
2025-06-25,GCSEMI,38,214
2025-06-25,GCVOA,70,104
2025-06-25,GENCHEM,412,844
2025-06-25,HG,38,48
2025-06-25,MSSEMI,51,241
2025-06-25,MSVOA,155,408
2025-06-25,ORGPREP,35,113
2025-06-25,METALS,1458,2298
2025-06-25,GCSEMI,38,214
2025-06-25,GCVOA,70,104
2025-06-25,GENCHEM,412,844
2025-06-25,HG,38,48
2025-06-25,MSSEMI,51,241
2025-06-25,MSVOA,155,408
2025-06-25,ORGPREP,35,113
2025-06-26,METALS,1951,2298
2025-06-26,GCSEMI,105,214
2025-06-26,GCVOA,72,104
2025-06-26,GENCHEM,651,844
2025-06-26,HG,39,48
2025-06-26,MSSEMI,162,241
2025-06-26,MSVOA,282,408
2025-06-26,ORGPREP,56,113
2025-06-26,METALS,1951,2298
2025-06-26,GCSEMI,105,214
2025-06-26,GCVOA,72,104
2025-06-26,GENCHEM,651,844
2025-06-26,HG,39,48
2025-06-26,MSSEMI,162,241
2025-06-26,MSVOA,282,408
2025-06-26,ORGPREP,56,113
2025-06-26,METALS,1951,2298
2025-06-26,GCSEMI,105,214
2025-06-26,GCVOA,72,104
2025-06-26,GENCHEM,651,844
2025-06-26,HG,39,48
2025-06-26,MSSEMI,162,241
2025-06-26,MSVOA,282,408
2025-06-26,ORGPREP,56,113
2025-06-26,METALS,1951,2298
2025-06-26,GCSEMI,105,214
2025-06-26,GCVOA,72,104
2025-06-26,GENCHEM,651,844
2025-06-26,HG,39,48
2025-06-26,MSSEMI,162,241
2025-06-26,MSVOA,282,408
2025-06-26,ORGPREP,56,113
2025-06-26,METALS,1951,2298
2025-06-26,GCSEMI,105,214
2025-06-26,GCVOA,72,104
2025-06-26,GENCHEM,651,844
2025-06-26,HG,39,48
2025-06-26,MSSEMI,162,241
2025-06-26,MSVOA,282,408
2025-06-26,ORGPREP,56,113
2025-06-26,METALS,1762,2390
2025-06-26,GCSEMI,37,176
2025-06-26,GCVOA,34,86
2025-06-26,GENCHEM,427,741
2025-06-26,HG,37,48
2025-06-26,MSSEMI,105,239
2025-06-26,MSVOA,194,433
2025-06-26,ORGPREP,15,129
2025-06-26,METALS,1762,2390
2025-06-26,GCSEMI,37,176
2025-06-26,GCVOA,34,86
2025-06-26,GENCHEM,427,741
2025-06-26,HG,37,48
2025-06-26,MSSEMI,105,239
2025-06-26,MSVOA,194,433
2025-06-26,ORGPREP,15,129
2025-06-27,METALS,1766,2390
2025-06-27,GCSEMI,51,176
2025-06-27,GCVOA,44,86
2025-06-27,GENCHEM,456,741
2025-06-27,HG,37,48
2025-06-27,MSSEMI,133,239
2025-06-27,MSVOA,225,433
2025-06-27,ORGPREP,15,129
2025-06-27,METALS,1766,2390
2025-06-27,GCSEMI,51,176
2025-06-27,GCVOA,44,86
2025-06-27,GENCHEM,456,741
2025-06-27,HG,37,48
2025-06-27,MSSEMI,133,239
2025-06-27,MSVOA,225,433
2025-06-27,ORGPREP,15,129
2025-06-27,METALS,1766,2390
2025-06-27,GCSEMI,51,176
2025-06-27,GCVOA,44,86
2025-06-27,GENCHEM,456,741
2025-06-27,HG,37,48
2025-06-27,MSSEMI,133,239
2025-06-27,MSVOA,225,433
2025-06-27,ORGPREP,15,129
2025-06-27,METALS,1766,2390
2025-06-27,GCSEMI,51,176
2025-06-27,GCVOA,44,86
2025-06-27,GENCHEM,456,741
2025-06-27,HG,37,48
2025-06-27,MSSEMI,133,239
2025-06-27,MSVOA,225,433
2025-06-27,ORGPREP,15,129
2025-06-27,METALS,1766,2390
2025-06-27,GCSEMI,51,176
2025-06-27,GCVOA,44,86
2025-06-27,GENCHEM,456,741
2025-06-27,HG,37,48
2025-06-27,MSSEMI,133,239
2025-06-27,MSVOA,225,433
2025-06-27,ORGPREP,15,129
2025-06-27,METALS,1766,2390
2025-06-27,GCSEMI,51,176
2025-06-27,GCVOA,44,86
2025-06-27,GENCHEM,456,741
2025-06-27,HG,37,48
2025-06-27,MSSEMI,133,239
2025-06-27,MSVOA,225,433
2025-06-27,ORGPREP,15,129
2025-06-27,METALS,1766,2390
2025-06-27,GCSEMI,51,176
2025-06-27,GCVOA,44,86
2025-06-27,GENCHEM,456,741
2025-06-27,HG,37,48
2025-06-27,MSSEMI,133,239
2025-06-27,MSVOA,225,433
2025-06-27,ORGPREP,15,129
2025-06-27,METALS,1766,2390
2025-06-27,GCSEMI,51,176
2025-06-27,GCVOA,44,86
2025-06-27,GENCHEM,456,741
2025-06-27,HG,37,48
2025-06-27,MSSEMI,133,239
2025-06-27,MSVOA,225,433
2025-06-27,ORGPREP,15,129
2025-06-27,METALS,1469,2320
2025-06-27,GCSEMI,39,231
2025-06-27,GCVOA,36,110
2025-06-27,GENCHEM,286,677
2025-06-27,HG,19,62
2025-06-27,MSSEMI,63,235
2025-06-27,MSVOA,225,505
2025-06-27,ORGPREP,0,126
2025-07-01,METALS,1521,2320
2025-07-01,GCSEMI,66,231
2025-07-01,GCVOA,41,110
2025-07-01,GENCHEM,322,677
2025-07-01,HG,20,62
2025-07-01,MSSEMI,86,235
2025-07-01,MSVOA,255,505
2025-07-01,ORGPREP,14,126
2025-07-01,METALS,1521,2320
2025-07-01,GCSEMI,66,231
2025-07-01,GCVOA,41,110
2025-07-01,GENCHEM,322,677
2025-07-01,HG,20,62
2025-07-01,MSSEMI,86,235
2025-07-01,MSVOA,255,505
2025-07-01,ORGPREP,14,126
2025-07-01,METALS,1521,2320
2025-07-01,GCSEMI,66,231
2025-07-01,GCVOA,41,110
2025-07-01,GENCHEM,322,677
2025-07-01,HG,20,62
2025-07-01,MSSEMI,86,235
2025-07-01,MSVOA,255,505
2025-07-01,ORGPREP,14,126
2025-07-01,METALS,1521,2320
2025-07-01,GCSEMI,66,231
2025-07-01,GCVOA,41,110
2025-07-01,GENCHEM,322,677
2025-07-01,HG,20,62
2025-07-01,MSSEMI,86,235
2025-07-01,MSVOA,255,505
2025-07-01,ORGPREP,14,126
2025-07-04,METALS,1746,2320
2025-07-04,GCSEMI,125,231
2025-07-04,GCVOA,83,110
2025-07-04,GENCHEM,449,677
2025-07-04,HG,38,62
2025-07-04,MSSEMI,136,235
2025-07-04,MSVOA,376,505
2025-07-04,ORGPREP,65,126
2025-07-04,METALS,1746,2320
2025-07-04,GCSEMI,125,231
2025-07-04,GCVOA,83,110
2025-07-04,GENCHEM,449,677
2025-07-04,HG,38,62
2025-07-04,MSSEMI,136,235
2025-07-04,MSVOA,376,505
2025-07-04,ORGPREP,65,126
2025-07-15,METALS,2320,2320
2025-07-15,GCSEMI,231,231
2025-07-15,GCVOA,110,110
2025-07-15,GENCHEM,677,677
2025-07-15,HG,62,62
2025-07-15,MSSEMI,235,235
2025-07-15,MSVOA,505,505
2025-07-15,ORGPREP,126,126
2025-07-18,METALS,2320,2320
2025-07-18,GCSEMI,231,231
2025-07-18,GCVOA,110,110
2025-07-18,GENCHEM,677,677
2025-07-18,HG,62,62
2025-07-18,MSSEMI,235,235
2025-07-18,MSVOA,505,505
2025-07-18,ORGPREP,126,126
2025-07-23,METALS,331,1868
2025-07-23,GCSEMI,27,265
2025-07-23,GCVOA,0,39
2025-07-23,GENCHEM,151,809
2025-07-23,HG,54,148
2025-07-23,MSSEMI,12,240
2025-07-23,MSVOA,10,256
2025-07-23,ORGPREP,0,183
2025-07-23,METALS,331,1868
2025-07-23,GCSEMI,27,265
2025-07-23,GCVOA,0,39
2025-07-23,GENCHEM,151,809
2025-07-23,HG,54,148
2025-07-23,MSSEMI,12,240
2025-07-23,MSVOA,10,256
2025-07-23,ORGPREP,0,183
2025-07-23,METALS,331,1868
2025-07-23,GCSEMI,27,265
2025-07-23,GCVOA,0,39
2025-07-23,GENCHEM,151,809
2025-07-23,HG,54,148
2025-07-23,MSSEMI,12,240
2025-07-23,MSVOA,10,256
2025-07-23,ORGPREP,0,183
2025-07-24,METALS,442,1868
2025-07-24,GCSEMI,48,265
2025-07-24,GCVOA,4,39
2025-07-24,GENCHEM,230,809
2025-07-24,HG,73,148
2025-07-24,MSSEMI,34,240
2025-07-24,MSVOA,33,256
2025-07-24,ORGPREP,0,183
2025-07-24,METALS,442,1868
2025-07-24,GCSEMI,48,265
2025-07-24,GCVOA,4,39
2025-07-24,GENCHEM,230,809
2025-07-24,HG,73,148
2025-07-24,MSSEMI,34,240
2025-07-24,MSVOA,33,256
2025-07-24,ORGPREP,0,183
2025-07-24,METALS,442,1868
2025-07-24,GCSEMI,48,265
2025-07-24,GCVOA,4,39
2025-07-24,GENCHEM,230,809
2025-07-24,HG,73,148
2025-07-24,MSSEMI,34,240
2025-07-24,MSVOA,33,256
2025-07-24,ORGPREP,0,183
2025-07-24,METALS,442,1868
2025-07-24,GCSEMI,48,265
2025-07-24,GCVOA,4,39
2025-07-24,GENCHEM,230,809
2025-07-24,HG,73,148
2025-07-24,MSSEMI,34,240
2025-07-24,MSVOA,33,256
2025-07-24,ORGPREP,0,183
2025-07-24,METALS,442,1868
2025-07-24,GCSEMI,48,265
2025-07-24,GCVOA,4,39
2025-07-24,GENCHEM,230,809
2025-07-24,HG,73,148
2025-07-24,MSSEMI,34,240
2025-07-24,MSVOA,33,256
2025-07-24,ORGPREP,0,183
2025-07-24,METALS,442,1868
2025-07-24,GCSEMI,48,265
2025-07-24,GCVOA,4,39
2025-07-24,GENCHEM,230,809
2025-07-24,HG,73,148
2025-07-24,MSSEMI,34,240
2025-07-24,MSVOA,33,256
2025-07-24,ORGPREP,0,183
2025-07-27,METALS,2298,2298
2025-07-27,GCSEMI,214,214
2025-07-27,GCVOA,104,104
2025-07-27,GENCHEM,844,844
2025-07-27,HG,48,48
2025-07-27,MSSEMI,241,241
2025-07-27,MSVOA,408,408
2025-07-27,ORGPREP,113,113
2025-07-27,METALS,2298,2298
2025-07-27,GCSEMI,214,214
2025-07-27,GCVOA,104,104
2025-07-27,GENCHEM,844,844
2025-07-27,HG,48,48
2025-07-27,MSSEMI,241,241
2025-07-27,MSVOA,408,408
2025-07-27,ORGPREP,113,113
2025-07-27,METALS,2390,2390
2025-07-27,GCSEMI,176,176
2025-07-27,GCVOA,86,86
2025-07-27,GENCHEM,741,741
2025-07-27,HG,48,48
2025-07-27,MSSEMI,239,239
2025-07-27,MSVOA,433,433
2025-07-27,ORGPREP,129,129
2025-07-27,METALS,2390,2390
2025-07-27,GCSEMI,176,176
2025-07-27,GCVOA,86,86
2025-07-27,GENCHEM,741,741
2025-07-27,HG,48,48
2025-07-27,MSSEMI,239,239
2025-07-27,MSVOA,433,433
2025-07-27,ORGPREP,129,129
2025-07-27,METALS,793,1868
2025-07-27,GCSEMI,74,265
2025-07-27,GCVOA,26,39
2025-07-27,GENCHEM,292,809
2025-07-27,HG,80,148
2025-07-27,MSSEMI,56,240
2025-07-27,MSVOA,50,256
2025-07-27,ORGPREP,1,183
2025-07-27,METALS,793,1868
2025-07-27,GCSEMI,74,265
2025-07-27,GCVOA,26,39
2025-07-27,GENCHEM,292,809
2025-07-27,HG,80,148
2025-07-27,MSSEMI,56,240
2025-07-27,MSVOA,50,256
2025-07-27,ORGPREP,1,183
2025-07-27,METALS,793,1868
2025-07-27,GCSEMI,74,265
2025-07-27,GCVOA,26,39
2025-07-27,GENCHEM,292,809
2025-07-27,HG,80,148
2025-07-27,MSSEMI,56,240
2025-07-27,MSVOA,50,256
2025-07-27,ORGPREP,1,183
2025-07-27,METALS,793,1868
2025-07-27,GCSEMI,74,265
2025-07-27,GCVOA,26,39
2025-07-27,GENCHEM,292,809
2025-07-27,HG,80,148
2025-07-27,MSSEMI,56,240
2025-07-27,MSVOA,50,256
2025-07-27,ORGPREP,1,183
2025-07-27,METALS,793,1868
2025-07-27,GCSEMI,74,265
2025-07-27,GCVOA,26,39
2025-07-27,GENCHEM,292,809
2025-07-27,HG,80,148
2025-07-27,MSSEMI,56,240
2025-07-27,MSVOA,50,256
2025-07-27,ORGPREP,1,183
2025-07-27,METALS,793,1868
2025-07-27,GCSEMI,74,265
2025-07-27,GCVOA,26,39
2025-07-27,GENCHEM,292,809
2025-07-27,HG,80,148
2025-07-27,MSSEMI,56,240
2025-07-27,MSVOA,50,256
2025-07-27,ORGPREP,1,183
2025-07-28,METALS,793,1868
2025-07-28,GCSEMI,74,265
2025-07-28,GCVOA,26,39
2025-07-28,GENCHEM,292,809
2025-07-28,HG,80,148
2025-07-28,MSSEMI,56,240
2025-07-28,MSVOA,50,256
2025-07-28,ORGPREP,91,183
2025-07-28,METALS,793,1868
2025-07-28,GCSEMI,74,265
2025-07-28,GCVOA,26,39
2025-07-28,GENCHEM,292,809
2025-07-28,HG,80,148
2025-07-28,MSSEMI,56,240
2025-07-28,MSVOA,50,256
2025-07-28,ORGPREP,91,183
2025-07-28,METALS,793,1868
2025-07-28,GCSEMI,74,265
2025-07-28,GCVOA,26,39
2025-07-28,GENCHEM,292,809
2025-07-28,HG,80,148
2025-07-28,MSSEMI,56,240
2025-07-28,MSVOA,50,256
2025-07-28,ORGPREP,91,183
2025-07-28,METALS,793,1868
2025-07-28,GCSEMI,74,265
2025-07-28,GCVOA,26,39
2025-07-28,GENCHEM,292,809
2025-07-28,HG,80,148
2025-07-28,MSSEMI,56,240
2025-07-28,MSVOA,50,256
2025-07-28,ORGPREP,91,183
2025-07-28,METALS,793,1868
2025-07-28,GCSEMI,74,265
2025-07-28,GCVOA,26,39
2025-07-28,GENCHEM,292,809
2025-07-28,HG,80,148
2025-07-28,MSSEMI,56,240
2025-07-28,MSVOA,50,256
2025-07-28,ORGPREP,91,183
2025-07-28,METALS,793,1868
2025-07-28,GCSEMI,74,265
2025-07-28,GCVOA,26,39
2025-07-28,GENCHEM,292,809
2025-07-28,HG,80,148
2025-07-28,MSSEMI,56,240
2025-07-28,MSVOA,50,256
2025-07-28,ORGPREP,91,183
2025-07-28,METALS,793,1868
2025-07-28,GCSEMI,74,265
2025-07-28,GCVOA,26,39
2025-07-28,GENCHEM,292,809
2025-07-28,HG,80,148
2025-07-28,MSSEMI,56,240
2025-07-28,MSVOA,50,256
2025-07-28,ORGPREP,91,183
2025-07-28,METALS,793,1868
2025-07-28,GCSEMI,74,265
2025-07-28,GCVOA,26,39
2025-07-28,GENCHEM,292,809
2025-07-28,HG,80,148
2025-07-28,MSSEMI,56,240
2025-07-28,MSVOA,50,256
2025-07-28,ORGPREP,91,183
2025-07-28,METALS,793,1868
2025-07-28,GCSEMI,74,265
2025-07-28,GCVOA,26,39
2025-07-28,GENCHEM,292,809
2025-07-28,HG,80,148
2025-07-28,MSSEMI,56,240
2025-07-28,MSVOA,50,256
2025-07-28,ORGPREP,91,183
2025-07-28,METALS,793,1868
2025-07-28,GCSEMI,74,265
2025-07-28,GCVOA,26,39
2025-07-28,GENCHEM,292,809
2025-07-28,HG,80,148
2025-07-28,MSSEMI,56,240
2025-07-28,MSVOA,50,256
2025-07-28,ORGPREP,91,183
2025-07-28,METALS,793,1868
2025-07-28,GCSEMI,74,265
2025-07-28,GCVOA,26,39
2025-07-28,GENCHEM,292,809
2025-07-28,HG,80,148
2025-07-28,MSSEMI,56,240
2025-07-28,MSVOA,50,256
2025-07-28,ORGPREP,91,183
2025-07-28,METALS,793,1868
2025-07-28,GCSEMI,74,265
2025-07-28,GCVOA,26,39
2025-07-28,GENCHEM,292,809
2025-07-28,HG,80,148
2025-07-28,MSSEMI,56,240
2025-07-28,MSVOA,50,256
2025-07-28,ORGPREP,91,183
2025-07-28,METALS,518,2295
2025-07-28,GCSEMI,26,276
2025-07-28,GCVOA,17,26
2025-07-28,GENCHEM,150,870
2025-07-28,HG,44,155
2025-07-28,MSSEMI,5,234
2025-07-28,MSVOA,10,309
2025-07-28,ORGPREP,4,220
2025-07-28,METALS,518,2295
2025-07-28,GCSEMI,26,276
2025-07-28,GCVOA,17,26
2025-07-28,GENCHEM,150,870
2025-07-28,HG,44,155
2025-07-28,MSSEMI,5,234
2025-07-28,MSVOA,10,309
2025-07-28,ORGPREP,4,220
2025-07-29,METALS,607,2244
2025-07-29,GCSEMI,28,333
2025-07-29,GCVOA,17,29
2025-07-29,GENCHEM,155,850
2025-07-29,HG,13,126
2025-07-29,MSSEMI,2,274
2025-07-29,MSVOA,7,320
2025-07-29,ORGPREP,7,294
2025-07-30,METALS,653,2244
2025-07-30,GCSEMI,59,333
2025-07-30,GCVOA,20,29
2025-07-30,GENCHEM,167,850
2025-07-30,HG,28,126
2025-07-30,MSSEMI,20,274
2025-07-30,MSVOA,32,320
2025-07-30,ORGPREP,18,294
2025-07-30,METALS,653,2244
2025-07-30,GCSEMI,59,333
2025-07-30,GCVOA,20,29
2025-07-30,GENCHEM,167,850
2025-07-30,HG,28,126
2025-07-30,MSSEMI,20,274
2025-07-30,MSVOA,32,320
2025-07-30,ORGPREP,18,294
2025-07-30,METALS,653,2244
2025-07-30,GCSEMI,59,333
2025-07-30,GCVOA,20,29
2025-07-30,GENCHEM,167,850
2025-07-30,HG,28,126
2025-07-30,MSSEMI,20,274
2025-07-30,MSVOA,32,320
2025-07-30,ORGPREP,18,294
2025-07-30,METALS,653,2244
2025-07-30,GCSEMI,59,333
2025-07-30,GCVOA,20,29
2025-07-30,GENCHEM,167,850
2025-07-30,HG,28,126
2025-07-30,MSSEMI,20,274
2025-07-30,MSVOA,32,320
2025-07-30,ORGPREP,18,294
2025-07-30,METALS,653,2244
2025-07-30,GCSEMI,59,333
2025-07-30,GCVOA,20,29
2025-07-30,GENCHEM,167,850
2025-07-30,HG,28,126
2025-07-30,MSSEMI,20,274
2025-07-30,MSVOA,32,320
2025-07-30,ORGPREP,18,294
2025-07-30,METALS,653,2244
2025-07-30,GCSEMI,59,333
2025-07-30,GCVOA,20,29
2025-07-30,GENCHEM,167,850
2025-07-30,HG,28,126
2025-07-30,MSSEMI,20,274
2025-07-30,MSVOA,32,320
2025-07-30,ORGPREP,18,294
2025-07-30,METALS,653,2244
2025-07-30,GCSEMI,59,333
2025-07-30,GCVOA,20,29
2025-07-30,GENCHEM,167,850
2025-07-30,HG,28,126
2025-07-30,MSSEMI,20,274
2025-07-30,MSVOA,32,320
2025-07-30,ORGPREP,18,294
2025-07-30,METALS,653,2244
2025-07-30,GCSEMI,59,333
2025-07-30,GCVOA,20,29
2025-07-30,GENCHEM,167,850
2025-07-30,HG,28,126
2025-07-30,MSSEMI,20,274
2025-07-30,MSVOA,32,320
2025-07-30,ORGPREP,18,294
2025-07-30,METALS,416,2029
2025-07-30,GCSEMI,37,323
2025-07-30,GCVOA,3,12
2025-07-30,GENCHEM,130,842
2025-07-30,HG,19,118
2025-07-30,MSSEMI,6,332
2025-07-30,MSVOA,10,262
2025-07-30,ORGPREP,3,253
2025-07-30,METALS,416,2029
2025-07-30,GCSEMI,37,323
2025-07-30,GCVOA,3,12
2025-07-30,GENCHEM,130,842
2025-07-30,HG,19,118
2025-07-30,MSSEMI,6,332
2025-07-30,MSVOA,10,262
2025-07-30,ORGPREP,3,253
2025-07-30,METALS,416,2029
2025-07-30,GCSEMI,37,323
2025-07-30,GCVOA,3,12
2025-07-30,GENCHEM,130,842
2025-07-30,HG,19,118
2025-07-30,MSSEMI,6,332
2025-07-30,MSVOA,10,262
2025-07-30,ORGPREP,3,253
2025-07-31,METALS,512,2267
2025-07-31,GCSEMI,36,279
2025-07-31,GCVOA,3,12
2025-07-31,GENCHEM,141,959
2025-07-31,HG,56,125
2025-07-31,MSSEMI,4,371
2025-07-31,MSVOA,9,363
2025-07-31,ORGPREP,1,340
2025-08-01,METALS,366,2128
2025-08-01,GCSEMI,29,243
2025-08-01,GCVOA,0,19
2025-08-01,GENCHEM,130,1015
2025-08-01,HG,66,134
2025-08-01,MSSEMI,5,420
2025-08-01,MSVOA,1,274
2025-08-01,ORGPREP,2,208
2025-08-01,METALS,366,2128
2025-08-01,GCSEMI,29,243
2025-08-01,GCVOA,0,19
2025-08-01,GENCHEM,130,1015
2025-08-01,HG,66,134
2025-08-01,MSSEMI,5,420
2025-08-01,MSVOA,1,274
2025-08-01,ORGPREP,2,208
2025-08-04,METALS,519,2128
2025-08-04,GCSEMI,52,243
2025-08-04,GCVOA,0,19
2025-08-04,GENCHEM,177,1015
2025-08-04,HG,78,134
2025-08-04,MSSEMI,97,420
2025-08-04,MSVOA,20,274
2025-08-04,ORGPREP,2,208
2025-08-04,METALS,519,2128
2025-08-04,GCSEMI,52,243
2025-08-04,GCVOA,0,19
2025-08-04,GENCHEM,177,1015
2025-08-04,HG,78,134
2025-08-04,MSSEMI,97,420
2025-08-04,MSVOA,20,274
2025-08-04,ORGPREP,2,208
2025-08-04,METALS,485,2318
2025-08-04,GCSEMI,36,284
2025-08-04,GCVOA,0,23
2025-08-04,GENCHEM,142,1044
2025-08-04,HG,78,133
2025-08-04,MSSEMI,27,298
2025-08-04,MSVOA,0,315
2025-08-04,ORGPREP,4,164
2025-08-05,METALS,520,2002
2025-08-05,GCSEMI,29,272
2025-08-05,GCVOA,0,23
2025-08-05,GENCHEM,293,1135
2025-08-05,HG,83,134
2025-08-05,MSSEMI,37,320
2025-08-05,MSVOA,13,264
2025-08-05,ORGPREP,2,174
2025-08-05,METALS,520,2002
2025-08-05,GCSEMI,29,272
2025-08-05,GCVOA,0,23
2025-08-05,GENCHEM,293,1135
2025-08-05,HG,83,134
2025-08-05,MSSEMI,37,320
2025-08-05,MSVOA,13,264
2025-08-05,ORGPREP,2,174
2025-08-05,METALS,520,2002
2025-08-05,GCSEMI,29,272
2025-08-05,GCVOA,0,23
2025-08-05,GENCHEM,293,1135
2025-08-05,HG,83,134
2025-08-05,MSSEMI,37,320
2025-08-05,MSVOA,13,264
2025-08-05,ORGPREP,2,174
2025-08-06,METALS,573,2002
2025-08-06,GCSEMI,42,272
2025-08-06,GCVOA,1,23
2025-08-06,GENCHEM,334,1135
2025-08-06,HG,85,134
2025-08-06,MSSEMI,50,320
2025-08-06,MSVOA,52,264
2025-08-06,ORGPREP,5,174
2025-08-06,METALS,573,2002
2025-08-06,GCSEMI,42,272
2025-08-06,GCVOA,1,23
2025-08-06,GENCHEM,334,1135
2025-08-06,HG,85,134
2025-08-06,MSSEMI,50,320
2025-08-06,MSVOA,52,264
2025-08-06,ORGPREP,5,174
2025-08-06,METALS,573,2002
2025-08-06,GCSEMI,42,272
2025-08-06,GCVOA,1,23
2025-08-06,GENCHEM,334,1135
2025-08-06,HG,85,134
2025-08-06,MSSEMI,50,320
2025-08-06,MSVOA,52,264
2025-08-06,ORGPREP,5,174
2025-08-06,METALS,573,2002
2025-08-06,GCSEMI,42,272
2025-08-06,GCVOA,1,23
2025-08-06,GENCHEM,334,1135
2025-08-06,HG,85,134
2025-08-06,MSSEMI,50,320
2025-08-06,MSVOA,52,264
2025-08-06,ORGPREP,5,174
